,success_rate,avg_latency_ms,correctness,completeness,num_queries
BM25 Baseline,1.0,0.21870930989583334,0.06060606060606061,0.14379084967320263,33.0
Method1 Enhanced,0.9696969696969697,2372.217012174202,0.15151515151515152,0.3888888888888889,33.0
Method1 LLM-Only,0.9696969696969697,2436.998092766964,0.15151515151515152,0.4375,33.0
