,precision_at_5,recall_at_5,f1_at_5,ndcg_at_5,mrr,num_queries
BM25 Baseline,0.6514285714285714,0.3039432977492072,0.35998180698176024,0.6490099429901983,0.6285714285714286,57.0
Method1 Enhanced,0.64,0.2832953890130632,0.3226046638492156,0.6520500566420278,0.6771428571428573,57.0
Method1 LLM-Only,0.40147058823529413,0.18429348989470096,0.19906894948765544,0.40944900674837614,0.4436274509803922,55.0
